id,invoice_id,tanggal_transaksi,customer_id,nama_produk,jenis_produk,kategori_produk,quantity,harga_jual,jenis_pembayaran,jenis_pesanan,nilai_penjualan
1,1,11/04/2022,44,Indomie Ayam Spesial,mie-kuah,makanan,2,9000,QRIS-OVO,Dine-In,18000
2,2,01/08/2022,10,Indomie Ayam Spesial,mie-kuah,makanan,2,9000,CASH,Delivery,18000
3,3,03/04/2022,62,Indomie Rasa Soto Betawi,mie-kuah,makanan,1,10000,QRIS-OTHERS,Delivery,10000
4,4,19/03/2022,48,Indomie Rasa Soto Padang,mie-kuah,makanan,3,10000,CASH,Dine-In,30000
5,5,29/04/2022,87,Indomie Rasa Sop Buntut,mie-kuah,makanan,2,10000,QRIS-OVO,Dine-In,20000
6,6,23/07/2022,80,Indomie Ayam Spesial,mie-kuah,makanan,1,9000,CASH,Delivery,9000
7,7,04/02/2022,15,Indomie Baso Sapi,mie-kuah,makanan,1,9000,CASH,Dine-In,9000
8,8,08/01/2022,94,Indomie Rasa Sop Buntut,mie-kuah,makanan,2,10000,QRIS-OVO,Dine-In,20000
9,9,03/01/2022,6,Indomie Soto Mie,mie-kuah,makanan,2,9000,QRIS-DANA,Dine-In,18000
10,10,11/06/2022,86,Indomie Goreng Cabe Ijo,mie-goreng,makanan,1,9000,QRIS-OVO,Delivery,9000
11,11,08/01/2022,41,Indomie Goreng Aceh,mie-goreng,makanan,2,9000,QRIS-GOPAY,Delivery,18000
12,12,26/01/2022,43,Indomie Goreng Sambal Matah,mie-goreng,makanan,3,9000,CASH,Delivery,27000
13,13,11/01/2022,46,Indomie Goreng Cabe Ijo,mie-goreng,makanan,1,9000,QRIS-OTHERS,Dine-In,9000
14,14,15/07/2022,58,Indomie Rasa Mi Kocok Bandung,mie-kuah,makanan,2,10000,QRIS-GOPAY,Delivery,20000
15,15,19/08/2022,20,Indomie Ayam Spesial,mie-kuah,makanan,1,9000,CASH,Delivery,9000
16,16,18/05/2022,9,Indomie Rasa Mi Kocok Bandung,mie-kuah,makanan,1,10000,QRIS-OVO,Delivery,10000
17,17,13/04/2022,73,Indomie Soto Mie,mie-kuah,makanan,2,9000,QRIS-GOPAY,Dine-In,18000
18,18,01/06/2022,8,Indomie Rasa Mi Kocok Bandung,mie-kuah,makanan,1,10000,QRIS-OTHERS,Dine-In,10000
19,19,17/05/2022,66,Indomie Rasa Soto Betawi,mie-kuah,makanan,3,10000,QRIS-GOPAY,Dine-In,30000
20,20,27/02/2022,6,Indomie Ayam Spesial,mie-kuah,makanan,1,9000,QRIS-SHOPEEPAY,Dine-In,9000
21,21,14/06/2022,14,Indomie Goreng Aceh,mie-goreng,makanan,2,9000,QRIS-OVO,Delivery,18000
22,22,21/08/2022,10,Indomie Goreng Spesial,mie-goreng,makanan,2,9000,QRIS-OVO,Delivery,18000
23,23,20/06/2022,66,Indomie Rasa Sop Buntut,mie-kuah,makanan,1,10000,QRIS-OTHERS,Delivery,10000
24,24,03/05/2022,82,Indomie Rasa Mi Kocok Bandung,mie-kuah,makanan,1,10000,QRIS-SHOPEEPAY,Dine-In,10000
25,25,15/03/2022,40,Indomie Ayam Spesial,mie-kuah,makanan,3,9000,QRIS-DANA,Dine-In,27000
26,26,20/08/2022,6,Indomie Rasa Mi Kocok Bandung,mie-kuah,makanan,2,10000,QRIS-SHOPEEPAY,Dine-In,20000
27,27,13/08/2022,7,Indomie Goreng Aceh,mie-goreng,makanan,3,9000,QRIS-SHOPEEPAY,Delivery,27000
28,28,17/07/2022,73,Indomie Baso Sapi,mie-kuah,makanan,2,9000,QRIS-GOPAY,Delivery,18000
29,29,29/03/2022,78,Indomie Baso Sapi,mie-kuah,makanan,3,9000,QRIS-SHOPEEPAY,Dine-In,27000
30,30,18/05/2022,62,Indomie Rasa Soto Banjar Limau Kuit,mie-kuah,makanan,1,10000,CASH,Delivery,10000
31,31,03/08/2022,8,Indomie Goreng Pedas,mie-goreng,makanan,1,9000,QRIS-OTHERS,Delivery,9000
32,32,17/07/2022,93,Indomie Goreng Cabe Ijo,mie-goreng,makanan,3,9000,QRIS-DANA,Delivery,27000
33,33,25/01/2022,75,Indomie Baso Sapi,mie-kuah,makanan,2,9000,QRIS-DANA,Delivery,18000
34,34,11/01/2022,74,indomie Kari Ayam,mie-kuah,makanan,1,9000,CASH,Delivery,9000
35,35,20/05/2022,7,Indomie Goreng Rendang,mie-goreng,makanan,1,9000,CASH,Dine-In,9000
36,36,07/06/2022,72,Indomie Goreng Spesial,mie-goreng,makanan,2,9000,QRIS-DANA,Dine-In,18000
37,37,03/07/2022,95,Indomie Rasa Sop Buntut,mie-kuah,makanan,2,10000,QRIS-GOPAY,Dine-In,20000
38,38,09/02/2022,14,indomie Ayam Bawang,mie-kuah,makanan,2,9000,QRIS-DANA,Dine-In,18000
39,39,19/01/2022,61,Indomie Goreng Rendang,mie-goreng,makanan,3,9000,QRIS-SHOPEEPAY,Delivery,27000
40,40,24/03/2022,69,indomie Ayam Bawang,mie-kuah,makanan,2,9000,QRIS-OVO,Dine-In,18000
41,41,30/06/2022,46,Indomie Rasa Soto Lamongan,mie-kuah,makanan,3,10000,QRIS-OTHERS,Delivery,30000
42,42,01/07/2022,90,Indomie Goreng Cabe Ijo,mie-goreng,makanan,3,9000,QRIS-OVO,Delivery,27000
43,43,15/06/2022,80,indomie Kari Ayam,mie-kuah,makanan,2,9000,CASH,Delivery,18000
44,44,13/04/2022,95,Indomie Rasa Soto Padang,mie-kuah,makanan,2,10000,QRIS-OTHERS,Delivery,20000
45,45,16/03/2022,25,indomie Kari Ayam,mie-kuah,makanan,1,9000,QRIS-OVO,Dine-In,9000
46,46,22/03/2022,38,Indomie Soto Mie,mie-kuah,makanan,2,9000,QRIS-OVO,Dine-In,18000
47,47,28/07/2022,22,Indomie Rasa Soto Padang,mie-kuah,makanan,2,10000,QRIS-SHOPEEPAY,Delivery,20000
48,48,05/01/2022,45,Indomie Goreng Pedas,mie-goreng,makanan,1,9000,QRIS-GOPAY,Delivery,9000
49,49,04/02/2022,89,Indomie Goreng Pedas,mie-goreng,makanan,2,9000,QRIS-OVO,Delivery,18000
50,50,22/02/2022,18,Indomie Goreng Pedas,mie-goreng,makanan,1,9000,QRIS-SHOPEEPAY,Delivery,9000
51,51,06/06/2022,51,Indomie Rasa Soto Betawi,mie-kuah,makanan,2,10000,QRIS-DANA,Delivery,20000
52,52,09/05/2022,48,Indomie Goreng Aceh,mie-goreng,makanan,1,9000,CASH,Delivery,9000
53,53,15/04/2022,96,Indomie Rasa Soto Lamongan,mie-kuah,makanan,1,10000,QRIS-GOPAY,Dine-In,10000
54,54,22/02/2022,54,Indomie Baso Sapi,mie-kuah,makanan,3,9000,QRIS-OTHERS,Delivery,27000
55,55,28/01/2022,15,Indomie Goreng Pedas,mie-goreng,makanan,2,9000,QRIS-OVO,Dine-In,18000
56,56,28/07/2022,23,Indomie Rasa Empal Gentong,mie-kuah,makanan,1,10000,QRIS-SHOPEEPAY,Delivery,10000
57,57,14/06/2022,50,Indomie Goreng Sambal Matah,mie-goreng,makanan,3,9000,QRIS-OTHERS,Dine-In,27000
58,58,18/05/2022,40,Indomie Baso Sapi,mie-kuah,makanan,2,9000,CASH,Delivery,18000
59,59,08/05/2022,88,indomie Ayam Bawang,mie-kuah,makanan,2,9000,QRIS-OVO,Delivery,18000
60,60,14/07/2022,36,Indomie Goreng Cabe Ijo,mie-goreng,makanan,2,9000,QRIS-OTHERS,Dine-In,18000
61,61,13/02/2022,73,indomie Kari Ayam,mie-kuah,makanan,1,9000,CASH,Dine-In,9000
62,62,07/03/2022,88,Indomie Rasa Empal Gentong,mie-kuah,makanan,2,10000,QRIS-DANA,Delivery,20000
63,63,06/06/2022,60,Indomie Rasa Empal Gentong,mie-kuah,makanan,3,10000,QRIS-OVO,Delivery,30000
64,64,01/05/2022,48,Indomie Goreng Spesial,mie-goreng,makanan,1,9000,QRIS-OTHERS,Delivery,9000
65,65,17/08/2022,98,Indomie Goreng Rendang,mie-goreng,makanan,3,9000,QRIS-OVO,Dine-In,27000
66,66,26/07/2022,81,indomie Kari Ayam,mie-kuah,makanan,1,9000,QRIS-GOPAY,Delivery,9000
67,67,22/03/2022,71,Indomie Rasa Mi Kocok Bandung,mie-kuah,makanan,1,10000,QRIS-OVO,Dine-In,10000
68,68,24/08/2022,34,Indomie Rasa Soto Lamongan,mie-kuah,makanan,3,10000,QRIS-GOPAY,Dine-In,30000
69,69,11/02/2022,12,Indomie Rasa Soto Banjar Limau Kuit,mie-kuah,makanan,1,10000,QRIS-GOPAY,Dine-In,10000
70,70,14/06/2022,14,Indomie Ayam Spesial,mie-kuah,makanan,2,9000,QRIS-GOPAY,Delivery,18000
71,71,07/02/2022,7,Indomie Rasa Soto Padang,mie-kuah,makanan,3,10000,QRIS-GOPAY,Dine-In,30000
72,72,04/05/2022,28,Indomie Rasa Soto Padang,mie-kuah,makanan,2,10000,QRIS-GOPAY,Delivery,20000
73,73,14/08/2022,55,Indomie Rasa Soto Lamongan,mie-kuah,makanan,2,10000,QRIS-OTHERS,Dine-In,20000
74,74,22/08/2022,51,Indomie Ayam Spesial,mie-kuah,makanan,3,9000,CASH,Dine-In,27000
75,75,19/04/2022,36,Indomie Rasa Soto Betawi,mie-kuah,makanan,2,10000,QRIS-OVO,Delivery,20000
76,76,10/04/2022,20,Indomie Goreng Cabe Ijo,mie-goreng,makanan,1,9000,QRIS-OVO,Delivery,9000
77,77,16/04/2022,61,Indomie Rasa Empal Gentong,mie-kuah,makanan,2,10000,QRIS-OVO,Delivery,20000
78,78,28/07/2022,34,indomie Kari Ayam,mie-kuah,makanan,1,9000,QRIS-OVO,Delivery,9000
79,79,28/07/2022,27,Indomie Goreng Sambal Matah,mie-goreng,makanan,1,9000,QRIS-DANA,Dine-In,9000
80,80,23/08/2022,59,Indomie Goreng Pedas,mie-goreng,makanan,2,9000,CASH,Dine-In,18000
81,81,26/07/2022,27,Indomie Rasa Sop Buntut,mie-kuah,makanan,1,10000,CASH,Dine-In,10000
82,82,26/02/2022,79,Indomie Goreng Cabe Ijo,mie-goreng,makanan,1,9000,CASH,Delivery,9000
83,83,24/07/2022,96,Indomie Goreng Spesial,mie-goreng,makanan,2,9000,QRIS-SHOPEEPAY,Dine-In,18000
84,84,28/03/2022,27,Indomie Rasa Soto Lamongan,mie-kuah,makanan,2,10000,CASH,Delivery,20000
85,85,18/03/2022,21,Indomie Soto Mie,mie-kuah,makanan,1,9000,QRIS-SHOPEEPAY,Delivery,9000
86,86,27/03/2022,16,Indomie Rasa Soto Banjar Limau Kuit,mie-kuah,makanan,1,10000,QRIS-GOPAY,Delivery,10000
87,87,20/06/2022,94,Indomie Rasa Mi Kocok Bandung,mie-kuah,makanan,2,10000,QRIS-SHOPEEPAY,Dine-In,20000
88,88,12/06/2022,18,Indomie Goreng Cabe Ijo,mie-goreng,makanan,2,9000,QRIS-SHOPEEPAY,Delivery,18000
89,89,19/05/2022,65,Indomie Goreng Aceh,mie-goreng,makanan,2,9000,QRIS-GOPAY,Dine-In,18000
90,90,23/01/2022,57,Indomie Rasa Soto Banjar Limau Kuit,mie-kuah,makanan,2,10000,CASH,Dine-In,20000
91,91,27/07/2022,67,Indomie Rasa Soto Lamongan,mie-kuah,makanan,2,10000,QRIS-DANA,Dine-In,20000
92,92,13/06/2022,40,Indomie Rasa Soto Lamongan,mie-kuah,makanan,3,10000,QRIS-SHOPEEPAY,Delivery,30000
93,93,14/05/2022,9,Indomie Goreng Pedas,mie-goreng,makanan,1,9000,QRIS-GOPAY,Dine-In,9000
94,94,16/01/2022,11,Indomie Baso Sapi,mie-kuah,makanan,1,9000,QRIS-DANA,Dine-In,9000
95,95,29/06/2022,80,Indomie Soto Mie,mie-kuah,makanan,2,9000,QRIS-OVO,Delivery,18000
96,96,04/07/2022,18,Indomie Baso Sapi,mie-kuah,makanan,2,9000,QRIS-OTHERS,Dine-In,18000
97,97,13/07/2022,63,indomie Kari Ayam,mie-kuah,makanan,1,9000,QRIS-OTHERS,Delivery,9000
98,98,31/03/2022,50,Indomie Rasa Soto Banjar Limau Kuit,mie-kuah,makanan,1,10000,CASH,Dine-In,10000
99,99,13/07/2022,28,Indomie Goreng Cabe Ijo,mie-goreng,makanan,3,9000,CASH,Dine-In,27000
100,100,15/01/2022,21,indomie Ayam Bawang,mie-kuah,makanan,2,9000,QRIS-SHOPEEPAY,Delivery,18000
101,101,20/07/2022,33,Indomie Goreng Cabe Ijo,mie-goreng,makanan,3,9000,CASH,Dine-In,27000
102,102,22/03/2022,74,Indomie Goreng Aceh,mie-goreng,makanan,2,9000,QRIS-OVO,Dine-In,18000
103,103,13/07/2022,100,Indomie Rasa Sop Buntut,mie-kuah,makanan,3,10000,CASH,Delivery,30000
104,104,14/07/2022,82,Indomie Goreng Spesial,mie-goreng,makanan,3,9000,QRIS-OVO,Dine-In,27000
105,105,27/02/2022,56,Indomie Goreng Sambal Matah,mie-goreng,makanan,3,9000,QRIS-OTHERS,Delivery,27000
106,106,01/06/2022,84,Indomie Soto Mie,mie-kuah,makanan,2,9000,QRIS-GOPAY,Dine-In,18000
107,107,14/01/2022,86,Indomie Rasa Mi Kocok Bandung,mie-kuah,makanan,2,10000,CASH,Dine-In,20000
108,108,07/07/2022,8,Indomie Rasa Sop Buntut,mie-kuah,makanan,1,10000,QRIS-GOPAY,Delivery,10000
109,109,08/06/2022,23,indomie Kari Ayam,mie-kuah,makanan,3,9000,QRIS-GOPAY,Dine-In,27000
110,110,01/04/2022,37,indomie Ayam Bawang,mie-kuah,makanan,3,9000,QRIS-OTHERS,Delivery,27000
111,111,08/02/2022,61,Indomie Goreng Spesial,mie-goreng,makanan,2,9000,CASH,Dine-In,18000
112,112,15/02/2022,15,Indomie Soto Mie,mie-kuah,makanan,2,9000,QRIS-GOPAY,Delivery,18000
113,113,27/02/2022,24,Indomie Goreng Sambal Matah,mie-goreng,makanan,2,9000,CASH,Dine-In,18000
114,114,08/03/2022,75,Indomie Rasa Soto Padang,mie-kuah,makanan,3,10000,CASH,Delivery,30000
115,115,17/05/2022,95,Indomie Rasa Mi Kocok Bandung,mie-kuah,makanan,2,10000,QRIS-OTHERS,Delivery,20000
116,116,02/05/2022,22,Indomie Goreng Pedas,mie-goreng,makanan,3,9000,CASH,Dine-In,27000
117,117,10/04/2022,42,Indomie Rasa Soto Betawi,mie-kuah,makanan,3,10000,QRIS-DANA,Delivery,30000
118,118,17/05/2022,41,Indomie Rasa Soto Padang,mie-kuah,makanan,1,10000,QRIS-DANA,Dine-In,10000
119,119,24/01/2022,27,Indomie Goreng Sambal Matah,mie-goreng,makanan,1,9000,QRIS-OVO,Delivery,9000
120,120,23/02/2022,68,Indomie Ayam Spesial,mie-kuah,makanan,1,9000,QRIS-OVO,Delivery,9000
121,121,31/01/2022,4,Indomie Goreng Spesial,mie-goreng,makanan,3,9000,QRIS-GOPAY,Delivery,27000
122,122,26/02/2022,43,Indomie Rasa Empal Gentong,mie-kuah,makanan,2,10000,QRIS-OVO,Dine-In,20000
123,123,09/05/2022,13,Indomie Goreng Aceh,mie-goreng,makanan,3,9000,QRIS-DANA,Delivery,27000
124,124,07/08/2022,28,Indomie Rasa Empal Gentong,mie-kuah,makanan,3,10000,QRIS-DANA,Dine-In,30000
125,125,12/08/2022,53,Indomie Rasa Soto Betawi,mie-kuah,makanan,1,10000,CASH,Delivery,10000
126,126,08/06/2022,50,Indomie Rasa Soto Padang,mie-kuah,makanan,2,10000,QRIS-OTHERS,Dine-In,20000
127,127,01/02/2022,62,Indomie Goreng Aceh,mie-goreng,makanan,2,9000,QRIS-GOPAY,Dine-In,18000
128,128,24/07/2022,18,Indomie Rasa Soto Banjar Limau Kuit,mie-kuah,makanan,1,10000,CASH,Dine-In,10000
129,129,18/04/2022,48,Indomie Goreng Aceh,mie-goreng,makanan,1,9000,CASH,Dine-In,9000
130,130,27/01/2022,48,Indomie Ayam Spesial,mie-kuah,makanan,3,9000,CASH,Dine-In,27000
131,131,08/02/2022,40,Indomie Rasa Soto Betawi,mie-kuah,makanan,3,10000,CASH,Delivery,30000
132,132,11/04/2022,12,Indomie Goreng Rendang,mie-goreng,makanan,3,9000,QRIS-OTHERS,Delivery,27000
133,133,07/08/2022,54,Indomie Goreng Rendang,mie-goreng,makanan,3,9000,QRIS-SHOPEEPAY,Dine-In,27000
134,134,06/07/2022,46,Indomie Rasa Soto Betawi,mie-kuah,makanan,2,10000,QRIS-SHOPEEPAY,Dine-In,20000
135,135,02/08/2022,91,Indomie Rasa Soto Banjar Limau Kuit,mie-kuah,makanan,2,10000,QRIS-SHOPEEPAY,Delivery,20000
136,136,25/08/2022,62,Indomie Goreng Pedas,mie-goreng,makanan,2,9000,QRIS-DANA,Dine-In,18000
137,137,23/05/2022,85,Indomie Rasa Soto Banjar Limau Kuit,mie-kuah,makanan,3,10000,QRIS-SHOPEEPAY,Dine-In,30000
138,138,01/06/2022,30,Indomie Rasa Soto Betawi,mie-kuah,makanan,1,10000,QRIS-OTHERS,Dine-In,10000
139,139,06/04/2022,24,Indomie Goreng Aceh,mie-goreng,makanan,3,9000,QRIS-OTHERS,Delivery,27000
140,140,29/03/2022,71,Indomie Soto Mie,mie-kuah,makanan,1,9000,CASH,Delivery,9000
141,141,15/03/2022,16,Indomie Rasa Soto Banjar Limau Kuit,mie-kuah,makanan,3,10000,QRIS-DANA,Dine-In,30000
142,142,18/05/2022,17,Indomie Rasa Empal Gentong,mie-kuah,makanan,2,10000,QRIS-SHOPEEPAY,Dine-In,20000
143,143,26/02/2022,34,Indomie Baso Sapi,mie-kuah,makanan,2,9000,QRIS-OTHERS,Delivery,18000
144,144,11/02/2022,14,Indomie Rasa Mi Kocok Bandung,mie-kuah,makanan,2,10000,QRIS-GOPAY,Delivery,20000
145,145,31/07/2022,88,Indomie Goreng Aceh,mie-goreng,makanan,1,9000,QRIS-GOPAY,Delivery,9000
146,146,05/06/2022,26,indomie Ayam Bawang,mie-kuah,makanan,1,9000,QRIS-OTHERS,Dine-In,9000
147,147,25/02/2022,18,Indomie Goreng Sambal Matah,mie-goreng,makanan,1,9000,QRIS-SHOPEEPAY,Dine-In,9000
148,148,02/05/2022,39,indomie Ayam Bawang,mie-kuah,makanan,3,9000,QRIS-GOPAY,Delivery,27000
149,149,15/06/2022,39,Indomie Rasa Soto Lamongan,mie-kuah,makanan,3,10000,QRIS-SHOPEEPAY,Dine-In,30000
150,150,20/03/2022,54,indomie Kari Ayam,mie-kuah,makanan,1,9000,QRIS-OVO,Dine-In,9000
151,151,13/06/2022,90,Indomie Goreng Sambal Matah,mie-goreng,makanan,3,9000,QRIS-OTHERS,Dine-In,27000
152,152,08/03/2022,68,Indomie Rasa Soto Banjar Limau Kuit,mie-kuah,makanan,3,10000,QRIS-OVO,Dine-In,30000
153,153,24/05/2022,97,Indomie Rasa Empal Gentong,mie-kuah,makanan,1,10000,QRIS-OVO,Delivery,10000
154,154,11/03/2022,34,indomie Ayam Bawang,mie-kuah,makanan,1,9000,QRIS-DANA,Dine-In,9000
155,155,19/06/2022,80,indomie Kari Ayam,mie-kuah,makanan,1,9000,CASH,Delivery,9000
156,156,08/04/2022,32,Indomie Rasa Empal Gentong,mie-kuah,makanan,1,10000,QRIS-OVO,Delivery,10000
157,157,01/05/2022,72,Indomie Goreng Pedas,mie-goreng,makanan,3,9000,QRIS-DANA,Delivery,27000
158,158,27/05/2022,10,Indomie Rasa Soto Banjar Limau Kuit,mie-kuah,makanan,1,10000,CASH,Dine-In,10000
159,159,19/03/2022,36,Indomie Goreng Sambal Matah,mie-goreng,makanan,1,9000,QRIS-OTHERS,Delivery,9000
160,160,24/07/2022,68,indomie Kari Ayam,mie-kuah,makanan,2,9000,QRIS-SHOPEEPAY,Dine-In,18000
161,161,29/01/2022,34,Indomie Rasa Soto Lamongan,mie-kuah,makanan,1,10000,QRIS-SHOPEEPAY,Delivery,10000
162,162,07/06/2022,47,Indomie Rasa Soto Lamongan,mie-kuah,makanan,1,10000,QRIS-OVO,Dine-In,10000
163,163,02/05/2022,97,Indomie Baso Sapi,mie-kuah,makanan,2,9000,QRIS-SHOPEEPAY,Delivery,18000
164,164,31/05/2022,23,Indomie Rasa Soto Banjar Limau Kuit,mie-kuah,makanan,3,10000,CASH,Delivery,30000
165,165,09/07/2022,35,Indomie Rasa Soto Betawi,mie-kuah,makanan,1,10000,QRIS-GOPAY,Dine-In,10000
166,166,13/07/2022,55,Indomie Rasa Soto Betawi,mie-kuah,makanan,1,10000,QRIS-OTHERS,Dine-In,10000
167,167,05/07/2022,5,Indomie Rasa Soto Banjar Limau Kuit,mie-kuah,makanan,3,10000,QRIS-GOPAY,Dine-In,30000
168,168,28/07/2022,46,Indomie Rasa Soto Betawi,mie-kuah,makanan,2,10000,QRIS-GOPAY,Delivery,20000
169,169,12/03/2022,69,Indomie Rasa Mi Kocok Bandung,mie-kuah,makanan,1,10000,QRIS-OTHERS,Dine-In,10000
170,170,23/03/2022,72,Indomie Rasa Mi Kocok Bandung,mie-kuah,makanan,1,10000,QRIS-OVO,Delivery,10000
171,171,03/03/2022,50,Indomie Rasa Empal Gentong,mie-kuah,makanan,1,10000,QRIS-OTHERS,Dine-In,10000
172,172,18/08/2022,57,Indomie Goreng Cabe Ijo,mie-goreng,makanan,3,9000,QRIS-OVO,Dine-In,27000
173,173,20/04/2022,51,indomie Kari Ayam,mie-kuah,makanan,1,9000,QRIS-OVO,Dine-In,9000
174,174,29/07/2022,16,Indomie Goreng Cabe Ijo,mie-goreng,makanan,2,9000,QRIS-OTHERS,Dine-In,18000
175,175,02/02/2022,58,Indomie Goreng Rendang,mie-goreng,makanan,1,9000,QRIS-DANA,Delivery,9000
176,176,07/02/2022,87,Indomie Rasa Empal Gentong,mie-kuah,makanan,1,10000,QRIS-OVO,Delivery,10000
177,177,27/08/2022,6,Indomie Rasa Mi Kocok Bandung,mie-kuah,makanan,2,10000,QRIS-OVO,Delivery,20000
178,178,17/08/2022,95,indomie Ayam Bawang,mie-kuah,makanan,2,9000,QRIS-SHOPEEPAY,Delivery,18000
179,179,26/06/2022,35,Indomie Rasa Soto Betawi,mie-kuah,makanan,3,10000,QRIS-GOPAY,Delivery,30000
180,180,03/03/2022,18,indomie Kari Ayam,mie-kuah,makanan,1,9000,QRIS-DANA,Delivery,9000
181,181,01/06/2022,89,Indomie Goreng Sambal Matah,mie-goreng,makanan,2,9000,QRIS-OVO,Dine-In,18000
182,182,30/07/2022,33,Indomie Rasa Soto Banjar Limau Kuit,mie-kuah,makanan,3,10000,QRIS-SHOPEEPAY,Dine-In,30000
183,183,13/01/2022,19,Indomie Rasa Mi Kocok Bandung,mie-kuah,makanan,2,10000,QRIS-GOPAY,Dine-In,20000
184,184,30/07/2022,1,indomie Ayam Bawang,mie-kuah,makanan,2,9000,QRIS-OTHERS,Dine-In,18000
185,185,29/07/2022,65,Indomie Goreng Pedas,mie-goreng,makanan,1,9000,QRIS-SHOPEEPAY,Dine-In,9000
186,186,24/05/2022,93,Indomie Rasa Sop Buntut,mie-kuah,makanan,3,10000,QRIS-OVO,Dine-In,30000
187,187,24/01/2022,84,Indomie Rasa Soto Lamongan,mie-kuah,makanan,1,10000,QRIS-OVO,Dine-In,10000
188,188,14/08/2022,72,Indomie Baso Sapi,mie-kuah,makanan,2,9000,QRIS-DANA,Delivery,18000
189,189,31/03/2022,60,indomie Ayam Bawang,mie-kuah,makanan,1,9000,QRIS-DANA,Dine-In,9000
190,190,07/07/2022,97,indomie Ayam Bawang,mie-kuah,makanan,3,9000,QRIS-OTHERS,Dine-In,27000
191,191,02/06/2022,60,indomie Kari Ayam,mie-kuah,makanan,1,9000,QRIS-DANA,Delivery,9000
192,192,21/03/2022,26,Indomie Rasa Soto Banjar Limau Kuit,mie-kuah,makanan,1,10000,QRIS-OTHERS,Delivery,10000
193,193,29/01/2022,4,Indomie Rasa Soto Padang,mie-kuah,makanan,2,10000,QRIS-SHOPEEPAY,Delivery,20000
194,194,08/02/2022,96,Indomie Goreng Cabe Ijo,mie-goreng,makanan,1,9000,CASH,Dine-In,9000
195,195,05/07/2022,22,Indomie Rasa Soto Banjar Limau Kuit,mie-kuah,makanan,2,10000,QRIS-OVO,Dine-In,20000
196,196,27/02/2022,6,Indomie Rasa Soto Banjar Limau Kuit,mie-kuah,makanan,1,10000,QRIS-GOPAY,Dine-In,10000
197,197,26/02/2022,18,Indomie Soto Mie,mie-kuah,makanan,3,9000,QRIS-DANA,Delivery,27000
198,198,16/07/2022,15,Indomie Ayam Spesial,mie-kuah,makanan,3,9000,QRIS-DANA,Dine-In,27000
199,199,15/07/2022,20,Indomie Goreng Sambal Matah,mie-goreng,makanan,1,9000,CASH,Delivery,9000
200,200,06/06/2022,58,Indomie Ayam Spesial,mie-kuah,makanan,2,9000,QRIS-GOPAY,Dine-In,18000
201,201,18/08/2022,39,Indomie Goreng Pedas,mie-goreng,makanan,3,9000,CASH,Dine-In,27000
202,202,16/08/2022,12,Indomie Goreng Rendang,mie-goreng,makanan,2,9000,QRIS-DANA,Dine-In,18000
203,203,01/06/2022,44,Indomie Goreng Pedas,mie-goreng,makanan,1,9000,CASH,Dine-In,9000
204,204,16/02/2022,56,Indomie Rasa Soto Lamongan,mie-kuah,makanan,3,10000,CASH,Dine-In,30000
205,205,02/01/2022,9,Indomie Rasa Sop Buntut,mie-kuah,makanan,2,10000,CASH,Dine-In,20000
206,206,31/05/2022,12,Indomie Rasa Empal Gentong,mie-kuah,makanan,2,10000,QRIS-GOPAY,Dine-In,20000
207,207,18/07/2022,28,Indomie Rasa Soto Padang,mie-kuah,makanan,3,10000,CASH,Dine-In,30000
208,208,25/01/2022,32,Indomie Rasa Soto Padang,mie-kuah,makanan,3,10000,QRIS-SHOPEEPAY,Dine-In,30000
209,209,17/08/2022,78,indomie Kari Ayam,mie-kuah,makanan,2,9000,QRIS-OTHERS,Delivery,18000
210,210,05/07/2022,16,Indomie Goreng Spesial,mie-goreng,makanan,1,9000,QRIS-GOPAY,Dine-In,9000
211,211,26/08/2022,48,indomie Kari Ayam,mie-kuah,makanan,2,9000,QRIS-GOPAY,Dine-In,18000
212,212,29/06/2022,29,Indomie Rasa Empal Gentong,mie-kuah,makanan,3,10000,QRIS-OTHERS,Dine-In,30000
213,213,15/02/2022,21,indomie Kari Ayam,mie-kuah,makanan,3,9000,QRIS-OVO,Dine-In,27000
214,214,25/02/2022,48,Indomie Rasa Soto Banjar Limau Kuit,mie-kuah,makanan,2,10000,QRIS-OVO,Delivery,20000
215,215,06/02/2022,15,Indomie Rasa Mi Kocok Bandung,mie-kuah,makanan,3,10000,QRIS-SHOPEEPAY,Delivery,30000
216,216,04/08/2022,29,Indomie Rasa Soto Padang,mie-kuah,makanan,1,10000,CASH,Delivery,10000
217,217,16/07/2022,30,Indomie Goreng Aceh,mie-goreng,makanan,3,9000,QRIS-GOPAY,Delivery,27000
218,218,26/03/2022,51,Indomie Rasa Mi Kocok Bandung,mie-kuah,makanan,1,10000,QRIS-OTHERS,Delivery,10000
219,219,18/02/2022,98,Indomie Goreng Spesial,mie-goreng,makanan,3,9000,QRIS-DANA,Delivery,27000
220,220,19/06/2022,46,Indomie Rasa Empal Gentong,mie-kuah,makanan,3,10000,QRIS-OVO,Dine-In,30000
221,221,06/04/2022,14,Indomie Ayam Spesial,mie-kuah,makanan,1,9000,CASH,Delivery,9000
222,222,15/02/2022,18,Indomie Rasa Soto Banjar Limau Kuit,mie-kuah,makanan,1,10000,QRIS-OTHERS,Dine-In,10000
223,223,07/01/2022,75,Indomie Rasa Soto Banjar Limau Kuit,mie-kuah,makanan,2,10000,QRIS-OVO,Dine-In,20000
224,224,11/05/2022,72,Indomie Baso Sapi,mie-kuah,makanan,2,9000,QRIS-DANA,Dine-In,18000
225,225,27/06/2022,87,Indomie Goreng Sambal Matah,mie-goreng,makanan,3,9000,QRIS-GOPAY,Dine-In,27000
226,226,20/07/2022,16,Indomie Rasa Soto Padang,mie-kuah,makanan,1,10000,QRIS-OTHERS,Delivery,10000
227,227,26/08/2022,20,Indomie Rasa Soto Banjar Limau Kuit,mie-kuah,makanan,2,10000,QRIS-OVO,Dine-In,20000
228,228,29/04/2022,32,Indomie Rasa Soto Lamongan,mie-kuah,makanan,1,10000,QRIS-OTHERS,Delivery,10000
229,229,20/03/2022,78,Indomie Goreng Sambal Matah,mie-goreng,makanan,1,9000,QRIS-OTHERS,Delivery,9000
230,230,09/06/2022,45,Indomie Rasa Empal Gentong,mie-kuah,makanan,2,10000,QRIS-OVO,Dine-In,20000
231,231,29/01/2022,66,Indomie Goreng Spesial,mie-goreng,makanan,2,9000,CASH,Dine-In,18000
232,232,21/03/2022,50,Indomie Rasa Soto Betawi,mie-kuah,makanan,2,10000,CASH,Dine-In,20000
233,233,29/04/2022,2,Indomie Goreng Cabe Ijo,mie-goreng,makanan,3,9000,CASH,Dine-In,27000
234,234,22/06/2022,74,Indomie Rasa Soto Banjar Limau Kuit,mie-kuah,makanan,1,10000,QRIS-OTHERS,Dine-In,10000
235,235,24/01/2022,72,Indomie Rasa Mi Kocok Bandung,mie-kuah,makanan,1,10000,CASH,Dine-In,10000
236,236,13/06/2022,3,Indomie Rasa Soto Banjar Limau Kuit,mie-kuah,makanan,1,10000,QRIS-GOPAY,Delivery,10000
237,237,31/05/2022,60,Indomie Rasa Soto Padang,mie-kuah,makanan,2,10000,QRIS-OTHERS,Delivery,20000
238,238,03/01/2022,28,Indomie Goreng Sambal Matah,mie-goreng,makanan,3,9000,QRIS-OVO,Delivery,27000
239,239,25/01/2022,93,Indomie Ayam Spesial,mie-kuah,makanan,3,9000,QRIS-GOPAY,Delivery,27000
240,240,06/04/2022,74,Indomie Goreng Cabe Ijo,mie-goreng,makanan,2,9000,CASH,Delivery,18000
241,241,17/02/2022,73,indomie Ayam Bawang,mie-kuah,makanan,1,9000,QRIS-DANA,Delivery,9000
242,242,08/08/2022,66,Indomie Ayam Spesial,mie-kuah,makanan,1,9000,CASH,Delivery,9000
243,243,22/03/2022,79,Indomie Ayam Spesial,mie-kuah,makanan,3,9000,QRIS-OTHERS,Delivery,27000
244,244,11/04/2022,80,Indomie Rasa Mi Kocok Bandung,mie-kuah,makanan,3,10000,QRIS-SHOPEEPAY,Delivery,30000
245,245,09/02/2022,74,Indomie Goreng Cabe Ijo,mie-goreng,makanan,3,9000,QRIS-GOPAY,Delivery,27000
246,246,25/03/2022,12,Indomie Rasa Soto Lamongan,mie-kuah,makanan,1,10000,QRIS-OVO,Delivery,10000
247,247,13/04/2022,42,Indomie Rasa Soto Lamongan,mie-kuah,makanan,1,10000,QRIS-OTHERS,Dine-In,10000
248,248,12/05/2022,22,Indomie Rasa Soto Betawi,mie-kuah,makanan,3,10000,QRIS-SHOPEEPAY,Dine-In,30000
249,249,23/04/2022,24,Indomie Goreng Spesial,mie-goreng,makanan,2,9000,CASH,Delivery,18000
250,250,02/02/2022,100,Indomie Rasa Sop Buntut,mie-kuah,makanan,1,10000,CASH,Delivery,10000
251,251,18/06/2022,100,Indomie Goreng Aceh,mie-goreng,makanan,2,9000,CASH,Delivery,18000
252,252,11/06/2022,61,Indomie Goreng Aceh,mie-goreng,makanan,2,9000,CASH,Dine-In,18000
253,253,10/05/2022,27,Indomie Rasa Soto Betawi,mie-kuah,makanan,3,10000,QRIS-OVO,Dine-In,30000
254,254,14/01/2022,64,Indomie Goreng Cabe Ijo,mie-goreng,makanan,1,9000,CASH,Delivery,9000
255,255,28/01/2022,21,Indomie Rasa Soto Banjar Limau Kuit,mie-kuah,makanan,1,10000,QRIS-DANA,Dine-In,10000
256,256,11/04/2022,80,Indomie Rasa Soto Lamongan,mie-kuah,makanan,3,10000,CASH,Dine-In,30000
257,257,26/03/2022,3,Indomie Rasa Soto Padang,mie-kuah,makanan,2,10000,QRIS-DANA,Delivery,20000
258,258,22/02/2022,34,Indomie Goreng Sambal Matah,mie-goreng,makanan,1,9000,QRIS-OTHERS,Dine-In,9000
259,259,27/06/2022,39,indomie Kari Ayam,mie-kuah,makanan,3,9000,CASH,Delivery,27000
260,260,20/07/2022,24,indomie Kari Ayam,mie-kuah,makanan,2,9000,QRIS-DANA,Delivery,18000
261,261,14/05/2022,56,Indomie Rasa Soto Lamongan,mie-kuah,makanan,1,10000,CASH,Delivery,10000
262,262,05/01/2022,15,Indomie Goreng Aceh,mie-goreng,makanan,3,9000,QRIS-DANA,Delivery,27000
263,263,28/02/2022,81,Indomie Goreng Cabe Ijo,mie-goreng,makanan,1,9000,QRIS-OVO,Dine-In,9000
264,264,25/02/2022,67,Indomie Goreng Rendang,mie-goreng,makanan,1,9000,QRIS-OVO,Delivery,9000
265,265,30/06/2022,91,Indomie Soto Mie,mie-kuah,makanan,3,9000,CASH,Dine-In,27000
266,266,16/08/2022,11,Indomie Rasa Mi Kocok Bandung,mie-kuah,makanan,1,10000,QRIS-SHOPEEPAY,Delivery,10000
267,267,06/06/2022,64,Indomie Goreng Pedas,mie-goreng,makanan,3,9000,QRIS-OVO,Dine-In,27000
268,268,11/05/2022,99,Indomie Rasa Sop Buntut,mie-kuah,makanan,1,10000,QRIS-SHOPEEPAY,Dine-In,10000
269,269,26/05/2022,6,Indomie Rasa Mi Kocok Bandung,mie-kuah,makanan,2,10000,QRIS-GOPAY,Delivery,20000
270,270,26/05/2022,35,Indomie Ayam Spesial,mie-kuah,makanan,1,9000,QRIS-OTHERS,Delivery,9000
271,271,18/07/2022,63,Indomie Rasa Empal Gentong,mie-kuah,makanan,3,10000,QRIS-OTHERS,Dine-In,30000
272,272,29/05/2022,27,Indomie Rasa Soto Lamongan,mie-kuah,makanan,2,10000,QRIS-DANA,Dine-In,20000
273,273,06/01/2022,63,Indomie Baso Sapi,mie-kuah,makanan,3,9000,QRIS-DANA,Dine-In,27000
274,274,10/01/2022,21,indomie Kari Ayam,mie-kuah,makanan,1,9000,QRIS-DANA,Dine-In,9000
275,275,07/06/2022,1,Indomie Goreng Aceh,mie-goreng,makanan,2,9000,QRIS-GOPAY,Delivery,18000
276,276,29/08/2022,25,Indomie Goreng Rendang,mie-goreng,makanan,3,9000,QRIS-DANA,Dine-In,27000
277,277,22/01/2022,92,Indomie Goreng Spesial,mie-goreng,makanan,1,9000,QRIS-DANA,Dine-In,9000
278,278,23/02/2022,94,Indomie Rasa Soto Betawi,mie-kuah,makanan,3,10000,QRIS-DANA,Dine-In,30000
279,279,27/04/2022,33,Indomie Rasa Sop Buntut,mie-kuah,makanan,2,10000,CASH,Dine-In,20000
280,280,17/05/2022,39,Indomie Soto Mie,mie-kuah,makanan,3,9000,QRIS-GOPAY,Dine-In,27000
281,281,18/01/2022,64,Indomie Goreng Cabe Ijo,mie-goreng,makanan,3,9000,QRIS-GOPAY,Dine-In,27000
282,282,03/05/2022,84,Indomie Rasa Soto Banjar Limau Kuit,mie-kuah,makanan,3,10000,QRIS-GOPAY,Dine-In,30000
283,283,18/08/2022,24,Indomie Baso Sapi,mie-kuah,makanan,2,9000,CASH,Delivery,18000
284,284,23/07/2022,9,Indomie Rasa Mi Kocok Bandung,mie-kuah,makanan,3,10000,QRIS-GOPAY,Dine-In,30000
285,285,24/07/2022,27,Indomie Rasa Soto Betawi,mie-kuah,makanan,3,10000,CASH,Delivery,30000
286,286,29/05/2022,23,Indomie Baso Sapi,mie-kuah,makanan,3,9000,QRIS-DANA,Dine-In,27000
287,287,08/02/2022,93,Indomie Rasa Mi Kocok Bandung,mie-kuah,makanan,2,10000,QRIS-OTHERS,Delivery,20000
288,288,25/02/2022,68,Indomie Goreng Pedas,mie-goreng,makanan,2,9000,QRIS-OVO,Delivery,18000
289,289,22/03/2022,24,Indomie Rasa Soto Lamongan,mie-kuah,makanan,1,10000,QRIS-GOPAY,Delivery,10000
290,290,23/01/2022,80,Indomie Soto Mie,mie-kuah,makanan,1,9000,QRIS-OTHERS,Delivery,9000
291,291,27/04/2022,19,Indomie Goreng Rendang,mie-goreng,makanan,3,9000,QRIS-OTHERS,Dine-In,27000
292,292,03/03/2022,48,Indomie Goreng Cabe Ijo,mie-goreng,makanan,1,9000,QRIS-DANA,Dine-In,9000
293,293,23/08/2022,79,Indomie Rasa Mi Kocok Bandung,mie-kuah,makanan,2,10000,CASH,Delivery,20000
294,294,22/02/2022,28,Indomie Rasa Soto Padang,mie-kuah,makanan,3,10000,QRIS-DANA,Dine-In,30000
295,295,06/03/2022,59,indomie Ayam Bawang,mie-kuah,makanan,2,9000,QRIS-GOPAY,Dine-In,18000
296,296,23/04/2022,13,Indomie Ayam Spesial,mie-kuah,makanan,3,9000,QRIS-DANA,Delivery,27000
297,297,30/08/2022,30,Indomie Goreng Sambal Matah,mie-goreng,makanan,1,9000,QRIS-DANA,Dine-In,9000
298,298,27/03/2022,75,Indomie Baso Sapi,mie-kuah,makanan,2,9000,QRIS-OVO,Delivery,18000
299,299,31/05/2022,44,Indomie Rasa Empal Gentong,mie-kuah,makanan,1,10000,CASH,Delivery,10000
300,300,20/02/2022,37,Indomie Goreng Sambal Matah,mie-goreng,makanan,3,9000,QRIS-DANA,Dine-In,27000
301,301,08/01/2022,6,Indomie Rasa Soto Banjar Limau Kuit,mie-kuah,makanan,3,10000,QRIS-GOPAY,Dine-In,30000
302,302,07/02/2022,47,Indomie Rasa Sop Buntut,mie-kuah,makanan,3,10000,QRIS-SHOPEEPAY,Dine-In,30000
303,303,01/07/2022,9,Indomie Baso Sapi,mie-kuah,makanan,3,9000,QRIS-SHOPEEPAY,Delivery,27000
304,304,24/04/2022,95,Indomie Ayam Spesial,mie-kuah,makanan,3,9000,QRIS-OTHERS,Delivery,27000
305,305,08/07/2022,37,Indomie Rasa Soto Lamongan,mie-kuah,makanan,3,10000,QRIS-OTHERS,Dine-In,30000
306,306,13/06/2022,87,Indomie Goreng Sambal Matah,mie-goreng,makanan,3,9000,QRIS-GOPAY,Delivery,27000
307,307,03/05/2022,82,Indomie Goreng Pedas,mie-goreng,makanan,2,9000,QRIS-GOPAY,Delivery,18000
308,308,23/07/2022,3,Indomie Rasa Soto Betawi,mie-kuah,makanan,3,10000,CASH,Delivery,30000
309,309,25/03/2022,83,Indomie Goreng Sambal Matah,mie-goreng,makanan,1,9000,QRIS-GOPAY,Delivery,9000
310,310,12/02/2022,61,indomie Kari Ayam,mie-kuah,makanan,3,9000,QRIS-SHOPEEPAY,Dine-In,27000
311,311,24/07/2022,89,Indomie Ayam Spesial,mie-kuah,makanan,2,9000,QRIS-OTHERS,Dine-In,18000
312,312,07/02/2022,21,Indomie Goreng Spesial,mie-goreng,makanan,3,9000,QRIS-DANA,Delivery,27000
313,313,14/01/2022,9,indomie Kari Ayam,mie-kuah,makanan,1,9000,QRIS-DANA,Dine-In,9000
314,314,12/07/2022,16,Indomie Rasa Sop Buntut,mie-kuah,makanan,1,10000,QRIS-SHOPEEPAY,Delivery,10000
315,315,22/06/2022,82,Indomie Goreng Spesial,mie-goreng,makanan,1,9000,CASH,Dine-In,9000
316,316,04/02/2022,49,Indomie Baso Sapi,mie-kuah,makanan,3,9000,QRIS-DANA,Dine-In,27000
317,317,22/06/2022,22,Indomie Goreng Cabe Ijo,mie-goreng,makanan,1,9000,QRIS-DANA,Dine-In,9000
318,318,06/06/2022,74,Indomie Goreng Rendang,mie-goreng,makanan,1,9000,QRIS-GOPAY,Delivery,9000
319,319,15/03/2022,79,Indomie Goreng Rendang,mie-goreng,makanan,2,9000,QRIS-SHOPEEPAY,Delivery,18000
320,320,23/08/2022,56,Indomie Rasa Soto Banjar Limau Kuit,mie-kuah,makanan,3,10000,QRIS-SHOPEEPAY,Delivery,30000
321,321,08/07/2022,80,Indomie Goreng Spesial,mie-goreng,makanan,3,9000,QRIS-DANA,Delivery,27000
322,322,26/01/2022,66,Indomie Goreng Aceh,mie-goreng,makanan,2,9000,QRIS-SHOPEEPAY,Delivery,18000
323,323,17/05/2022,82,Indomie Goreng Spesial,mie-goreng,makanan,2,9000,QRIS-DANA,Dine-In,18000
324,324,11/01/2022,8,Indomie Goreng Spesial,mie-goreng,makanan,2,9000,CASH,Dine-In,18000
325,325,15/07/2022,70,Indomie Rasa Soto Betawi,mie-kuah,makanan,2,10000,CASH,Delivery,20000
326,326,31/05/2022,20,Indomie Rasa Mi Kocok Bandung,mie-kuah,makanan,3,10000,CASH,Delivery,30000
327,327,07/04/2022,79,Indomie Rasa Soto Betawi,mie-kuah,makanan,1,10000,QRIS-GOPAY,Delivery,10000
328,328,01/04/2022,69,Indomie Rasa Soto Betawi,mie-kuah,makanan,1,10000,QRIS-DANA,Dine-In,10000
329,329,05/06/2022,52,Indomie Goreng Rendang,mie-goreng,makanan,2,9000,QRIS-GOPAY,Dine-In,18000
330,330,20/02/2022,8,Indomie Rasa Sop Buntut,mie-kuah,makanan,3,10000,QRIS-DANA,Dine-In,30000
331,331,15/02/2022,68,Indomie Rasa Empal Gentong,mie-kuah,makanan,1,10000,QRIS-DANA,Dine-In,10000
332,332,05/01/2022,84,Indomie Soto Mie,mie-kuah,makanan,3,9000,CASH,Delivery,27000
333,333,30/07/2022,74,Indomie Goreng Pedas,mie-goreng,makanan,1,9000,CASH,Dine-In,9000
334,334,15/05/2022,39,indomie Ayam Bawang,mie-kuah,makanan,2,9000,QRIS-OTHERS,Dine-In,18000
335,335,19/07/2022,54,Indomie Rasa Mi Kocok Bandung,mie-kuah,makanan,2,10000,QRIS-OVO,Dine-In,20000
336,336,26/04/2022,80,Indomie Goreng Spesial,mie-goreng,makanan,1,9000,QRIS-OVO,Delivery,9000
337,337,10/07/2022,21,Indomie Rasa Soto Betawi,mie-kuah,makanan,1,10000,QRIS-DANA,Delivery,10000
338,338,05/02/2022,26,Indomie Rasa Soto Betawi,mie-kuah,makanan,1,10000,CASH,Delivery,10000
339,339,08/06/2022,78,Indomie Goreng Cabe Ijo,mie-goreng,makanan,3,9000,QRIS-OVO,Delivery,27000
340,340,14/01/2022,69,Indomie Goreng Sambal Matah,mie-goreng,makanan,1,9000,QRIS-OTHERS,Delivery,9000
341,341,28/01/2022,96,Indomie Rasa Mi Kocok Bandung,mie-kuah,makanan,3,10000,QRIS-OVO,Dine-In,30000
342,342,19/07/2022,96,indomie Ayam Bawang,mie-kuah,makanan,1,9000,QRIS-OTHERS,Dine-In,9000
343,343,08/07/2022,49,Indomie Rasa Soto Betawi,mie-kuah,makanan,2,10000,CASH,Dine-In,20000
344,344,15/03/2022,44,Indomie Rasa Soto Banjar Limau Kuit,mie-kuah,makanan,1,10000,CASH,Dine-In,10000
345,345,20/04/2022,30,Indomie Rasa Sop Buntut,mie-kuah,makanan,2,10000,CASH,Delivery,20000
346,346,03/01/2022,7,indomie Kari Ayam,mie-kuah,makanan,2,9000,QRIS-OVO,Dine-In,18000
347,347,06/08/2022,79,Indomie Rasa Soto Lamongan,mie-kuah,makanan,1,10000,QRIS-OTHERS,Dine-In,10000
348,348,07/01/2022,39,Indomie Rasa Soto Banjar Limau Kuit,mie-kuah,makanan,2,10000,CASH,Dine-In,20000
349,349,27/05/2022,54,Indomie Rasa Soto Banjar Limau Kuit,mie-kuah,makanan,2,10000,QRIS-DANA,Dine-In,20000
350,350,25/04/2022,6,Indomie Rasa Empal Gentong,mie-kuah,makanan,3,10000,QRIS-SHOPEEPAY,Delivery,30000
351,351,10/03/2022,29,Indomie Rasa Soto Padang,mie-kuah,makanan,3,10000,QRIS-GOPAY,Dine-In,30000
352,352,17/05/2022,32,Indomie Goreng Pedas,mie-goreng,makanan,3,9000,QRIS-DANA,Dine-In,27000
353,353,25/03/2022,83,Indomie Rasa Soto Betawi,mie-kuah,makanan,2,10000,CASH,Delivery,20000
354,354,16/01/2022,77,Indomie Rasa Soto Banjar Limau Kuit,mie-kuah,makanan,1,10000,QRIS-SHOPEEPAY,Delivery,10000
355,355,16/01/2022,68,Indomie Goreng Rendang,mie-goreng,makanan,1,9000,QRIS-GOPAY,Dine-In,9000
356,356,28/02/2022,36,Indomie Rasa Soto Betawi,mie-kuah,makanan,2,10000,QRIS-OVO,Dine-In,20000
357,357,14/08/2022,4,Indomie Rasa Soto Betawi,mie-kuah,makanan,2,10000,QRIS-DANA,Dine-In,20000
358,358,10/01/2022,68,indomie Ayam Bawang,mie-kuah,makanan,1,9000,CASH,Delivery,9000
359,359,10/01/2022,26,Indomie Rasa Soto Lamongan,mie-kuah,makanan,1,10000,QRIS-DANA,Dine-In,10000
360,360,16/08/2022,100,Indomie Soto Mie,mie-kuah,makanan,2,9000,QRIS-SHOPEEPAY,Delivery,18000
361,361,10/08/2022,58,Indomie Goreng Cabe Ijo,mie-goreng,makanan,3,9000,QRIS-GOPAY,Delivery,27000
362,362,11/01/2022,96,Indomie Goreng Rendang,mie-goreng,makanan,2,9000,QRIS-SHOPEEPAY,Dine-In,18000
363,363,12/05/2022,84,Indomie Rasa Soto Lamongan,mie-kuah,makanan,2,10000,QRIS-DANA,Delivery,20000
364,364,07/06/2022,12,Indomie Goreng Cabe Ijo,mie-goreng,makanan,2,9000,QRIS-SHOPEEPAY,Delivery,18000
365,365,12/05/2022,7,Indomie Rasa Soto Betawi,mie-kuah,makanan,3,10000,QRIS-OTHERS,Delivery,30000
366,366,31/07/2022,69,Indomie Rasa Empal Gentong,mie-kuah,makanan,3,10000,QRIS-OTHERS,Delivery,30000
367,367,29/05/2022,48,Indomie Goreng Cabe Ijo,mie-goreng,makanan,1,9000,QRIS-GOPAY,Delivery,9000
368,368,26/04/2022,39,Indomie Goreng Cabe Ijo,mie-goreng,makanan,2,9000,QRIS-SHOPEEPAY,Dine-In,18000
369,369,18/04/2022,18,Indomie Rasa Soto Banjar Limau Kuit,mie-kuah,makanan,3,10000,QRIS-OVO,Dine-In,30000
370,370,21/02/2022,52,Indomie Rasa Soto Betawi,mie-kuah,makanan,3,10000,QRIS-GOPAY,Delivery,30000
371,371,27/01/2022,94,Indomie Goreng Rendang,mie-goreng,makanan,2,9000,CASH,Dine-In,18000
372,372,30/01/2022,18,Indomie Goreng Pedas,mie-goreng,makanan,1,9000,QRIS-GOPAY,Dine-In,9000
373,373,19/06/2022,1,Indomie Rasa Soto Betawi,mie-kuah,makanan,1,10000,QRIS-DANA,Dine-In,10000
374,374,24/06/2022,8,Indomie Rasa Soto Betawi,mie-kuah,makanan,2,10000,CASH,Delivery,20000
375,375,07/04/2022,80,Indomie Baso Sapi,mie-kuah,makanan,1,9000,QRIS-SHOPEEPAY,Dine-In,9000
376,376,09/04/2022,56,Indomie Rasa Empal Gentong,mie-kuah,makanan,2,10000,QRIS-OVO,Delivery,20000
377,377,06/03/2022,38,Indomie Baso Sapi,mie-kuah,makanan,2,9000,CASH,Delivery,18000
378,378,18/06/2022,60,Indomie Ayam Spesial,mie-kuah,makanan,3,9000,QRIS-DANA,Delivery,27000
379,379,10/07/2022,75,Indomie Rasa Empal Gentong,mie-kuah,makanan,1,10000,QRIS-SHOPEEPAY,Dine-In,10000
380,380,24/02/2022,40,Indomie Rasa Soto Lamongan,mie-kuah,makanan,1,10000,QRIS-GOPAY,Dine-In,10000
381,381,15/05/2022,32,Indomie Goreng Spesial,mie-goreng,makanan,1,9000,QRIS-SHOPEEPAY,Delivery,9000
382,382,05/05/2022,56,indomie Kari Ayam,mie-kuah,makanan,3,9000,QRIS-OTHERS,Dine-In,27000
383,383,22/05/2022,5,Indomie Goreng Cabe Ijo,mie-goreng,makanan,2,9000,QRIS-OTHERS,Dine-In,18000
384,384,14/03/2022,9,Indomie Rasa Sop Buntut,mie-kuah,makanan,2,10000,QRIS-GOPAY,Dine-In,20000
385,385,01/07/2022,18,Indomie Rasa Sop Buntut,mie-kuah,makanan,1,10000,CASH,Delivery,10000
386,386,20/01/2022,15,Indomie Goreng Pedas,mie-goreng,makanan,1,9000,QRIS-GOPAY,Dine-In,9000
387,387,21/04/2022,19,Indomie Rasa Soto Banjar Limau Kuit,mie-kuah,makanan,2,10000,QRIS-GOPAY,Dine-In,20000
388,388,05/08/2022,7,Indomie Goreng Rendang,mie-goreng,makanan,2,9000,QRIS-OTHERS,Dine-In,18000
389,389,05/07/2022,2,Indomie Rasa Empal Gentong,mie-kuah,makanan,1,10000,QRIS-SHOPEEPAY,Dine-In,10000
390,390,23/07/2022,97,indomie Kari Ayam,mie-kuah,makanan,1,9000,QRIS-GOPAY,Delivery,9000
391,391,20/08/2022,36,Indomie Rasa Empal Gentong,mie-kuah,makanan,2,10000,CASH,Dine-In,20000
392,392,18/03/2022,9,Indomie Goreng Spesial,mie-goreng,makanan,1,9000,QRIS-DANA,Delivery,9000
393,393,17/07/2022,85,Indomie Goreng Pedas,mie-goreng,makanan,2,9000,CASH,Delivery,18000
394,394,24/07/2022,88,Indomie Rasa Soto Betawi,mie-kuah,makanan,2,10000,QRIS-OVO,Delivery,20000
395,395,29/08/2022,98,Indomie Rasa Soto Padang,mie-kuah,makanan,2,10000,QRIS-DANA,Dine-In,20000
396,396,03/07/2022,57,Indomie Soto Mie,mie-kuah,makanan,2,9000,QRIS-OVO,Delivery,18000
397,397,17/08/2022,74,Indomie Goreng Rendang,mie-goreng,makanan,1,9000,QRIS-SHOPEEPAY,Dine-In,9000
398,398,20/04/2022,52,Indomie Rasa Soto Lamongan,mie-kuah,makanan,3,10000,QRIS-GOPAY,Delivery,30000
399,399,21/04/2022,46,Indomie Rasa Soto Lamongan,mie-kuah,makanan,1,10000,CASH,Dine-In,10000
400,400,27/03/2022,34,indomie Ayam Bawang,mie-kuah,makanan,3,9000,QRIS-GOPAY,Delivery,27000
401,401,07/03/2022,70,Indomie Rasa Soto Padang,mie-kuah,makanan,3,10000,QRIS-OTHERS,Dine-In,30000
402,402,27/05/2022,66,Indomie Goreng Rendang,mie-goreng,makanan,2,9000,QRIS-OTHERS,Dine-In,18000
403,403,17/04/2022,56,Indomie Rasa Sop Buntut,mie-kuah,makanan,2,10000,CASH,Delivery,20000
404,404,07/02/2022,6,Indomie Baso Sapi,mie-kuah,makanan,3,9000,QRIS-OTHERS,Delivery,27000
405,405,07/05/2022,87,indomie Kari Ayam,mie-kuah,makanan,3,9000,QRIS-OTHERS,Dine-In,27000
406,406,06/03/2022,97,Indomie Goreng Spesial,mie-goreng,makanan,2,9000,QRIS-GOPAY,Delivery,18000
407,407,16/05/2022,72,Indomie Baso Sapi,mie-kuah,makanan,2,9000,QRIS-OVO,Delivery,18000
408,408,18/05/2022,84,Indomie Rasa Soto Betawi,mie-kuah,makanan,2,10000,QRIS-OVO,Dine-In,20000
409,409,17/05/2022,38,indomie Kari Ayam,mie-kuah,makanan,1,9000,QRIS-DANA,Delivery,9000
410,410,12/03/2022,53,indomie Kari Ayam,mie-kuah,makanan,3,9000,QRIS-DANA,Delivery,27000
411,411,02/05/2022,10,Indomie Rasa Sop Buntut,mie-kuah,makanan,2,10000,QRIS-OVO,Dine-In,20000
412,412,08/04/2022,94,Indomie Ayam Spesial,mie-kuah,makanan,3,9000,CASH,Dine-In,27000
413,413,28/01/2022,91,Indomie Goreng Pedas,mie-goreng,makanan,3,9000,QRIS-OVO,Dine-In,27000
414,414,23/07/2022,73,Indomie Rasa Empal Gentong,mie-kuah,makanan,2,10000,QRIS-OVO,Dine-In,20000
415,415,26/02/2022,55,Indomie Goreng Cabe Ijo,mie-goreng,makanan,1,9000,QRIS-DANA,Dine-In,9000
416,416,23/03/2022,11,Indomie Rasa Soto Betawi,mie-kuah,makanan,1,10000,QRIS-GOPAY,Dine-In,10000
417,417,09/04/2022,11,Indomie Rasa Sop Buntut,mie-kuah,makanan,1,10000,QRIS-SHOPEEPAY,Dine-In,10000
418,418,24/05/2022,63,Indomie Goreng Pedas,mie-goreng,makanan,2,9000,QRIS-GOPAY,Dine-In,18000
419,419,11/06/2022,83,Indomie Goreng Pedas,mie-goreng,makanan,3,9000,QRIS-SHOPEEPAY,Delivery,27000
420,420,10/05/2022,2,Indomie Rasa Sop Buntut,mie-kuah,makanan,1,10000,QRIS-GOPAY,Dine-In,10000
421,421,06/02/2022,59,Indomie Rasa Empal Gentong,mie-kuah,makanan,3,10000,QRIS-OVO,Delivery,30000
422,422,28/05/2022,34,indomie Kari Ayam,mie-kuah,makanan,3,9000,QRIS-SHOPEEPAY,Dine-In,27000
423,423,18/07/2022,99,Indomie Goreng Cabe Ijo,mie-goreng,makanan,1,9000,QRIS-DANA,Dine-In,9000
424,424,22/06/2022,53,Indomie Baso Sapi,mie-kuah,makanan,2,9000,QRIS-GOPAY,Dine-In,18000
425,425,31/03/2022,40,Indomie Goreng Sambal Matah,mie-goreng,makanan,1,9000,QRIS-OVO,Delivery,9000
426,426,14/03/2022,34,Indomie Soto Mie,mie-kuah,makanan,1,9000,CASH,Dine-In,9000
427,427,20/07/2022,21,Indomie Rasa Soto Banjar Limau Kuit,mie-kuah,makanan,3,10000,QRIS-DANA,Delivery,30000
428,428,03/06/2022,50,Indomie Rasa Soto Banjar Limau Kuit,mie-kuah,makanan,2,10000,CASH,Dine-In,20000
429,429,25/01/2022,13,Indomie Soto Mie,mie-kuah,makanan,3,9000,QRIS-GOPAY,Dine-In,27000
430,430,10/05/2022,89,Indomie Goreng Aceh,mie-goreng,makanan,1,9000,QRIS-DANA,Delivery,9000
431,431,13/05/2022,55,indomie Ayam Bawang,mie-kuah,makanan,3,9000,QRIS-SHOPEEPAY,Dine-In,27000
432,432,29/05/2022,42,indomie Kari Ayam,mie-kuah,makanan,3,9000,CASH,Delivery,27000
433,433,21/08/2022,10,Indomie Goreng Sambal Matah,mie-goreng,makanan,2,9000,CASH,Delivery,18000
434,434,24/05/2022,4,Indomie Rasa Sop Buntut,mie-kuah,makanan,3,10000,QRIS-OTHERS,Dine-In,30000
435,435,06/02/2022,33,Indomie Goreng Aceh,mie-goreng,makanan,1,9000,QRIS-SHOPEEPAY,Delivery,9000
436,436,02/06/2022,52,Indomie Rasa Soto Padang,mie-kuah,makanan,1,10000,QRIS-DANA,Delivery,10000
437,437,30/03/2022,71,Indomie Rasa Mi Kocok Bandung,mie-kuah,makanan,2,10000,QRIS-DANA,Delivery,20000
438,438,02/03/2022,23,Indomie Goreng Aceh,mie-goreng,makanan,1,9000,QRIS-SHOPEEPAY,Dine-In,9000
439,439,19/08/2022,39,Indomie Rasa Soto Betawi,mie-kuah,makanan,2,10000,QRIS-OVO,Delivery,20000
440,440,03/03/2022,85,Indomie Rasa Empal Gentong,mie-kuah,makanan,3,10000,QRIS-OVO,Dine-In,30000
441,441,25/04/2022,90,Indomie Goreng Cabe Ijo,mie-goreng,makanan,2,9000,QRIS-GOPAY,Dine-In,18000
442,442,27/08/2022,15,Indomie Rasa Soto Betawi,mie-kuah,makanan,2,10000,QRIS-GOPAY,Dine-In,20000
443,443,02/05/2022,78,Indomie Rasa Soto Banjar Limau Kuit,mie-kuah,makanan,1,10000,QRIS-DANA,Dine-In,10000
444,444,19/07/2022,59,Indomie Rasa Soto Banjar Limau Kuit,mie-kuah,makanan,3,10000,QRIS-SHOPEEPAY,Dine-In,30000
445,445,31/07/2022,16,Indomie Rasa Mi Kocok Bandung,mie-kuah,makanan,2,10000,QRIS-GOPAY,Delivery,20000
446,446,01/01/2022,76,Indomie Baso Sapi,mie-kuah,makanan,2,9000,QRIS-GOPAY,Dine-In,18000
447,447,26/04/2022,11,Indomie Goreng Aceh,mie-goreng,makanan,2,9000,CASH,Delivery,18000
448,448,07/01/2022,48,indomie Ayam Bawang,mie-kuah,makanan,3,9000,CASH,Dine-In,27000
449,449,20/04/2022,84,indomie Ayam Bawang,mie-kuah,makanan,3,9000,QRIS-OTHERS,Dine-In,27000
450,450,27/01/2022,65,Indomie Soto Mie,mie-kuah,makanan,1,9000,QRIS-OVO,Dine-In,9000
451,451,03/06/2022,35,Indomie Soto Mie,mie-kuah,makanan,2,9000,QRIS-SHOPEEPAY,Dine-In,18000
452,452,24/05/2022,90,Indomie Goreng Pedas,mie-goreng,makanan,1,9000,QRIS-SHOPEEPAY,Dine-In,9000
453,453,15/04/2022,8,Indomie Rasa Soto Padang,mie-kuah,makanan,1,10000,QRIS-DANA,Delivery,10000
454,454,12/07/2022,10,Indomie Rasa Soto Banjar Limau Kuit,mie-kuah,makanan,2,10000,QRIS-OVO,Dine-In,20000
455,455,23/01/2022,43,Indomie Goreng Aceh,mie-goreng,makanan,2,9000,QRIS-OTHERS,Delivery,18000
456,456,19/05/2022,61,Indomie Rasa Mi Kocok Bandung,mie-kuah,makanan,2,10000,QRIS-OVO,Dine-In,20000
457,457,10/02/2022,32,indomie Ayam Bawang,mie-kuah,makanan,2,9000,QRIS-OVO,Delivery,18000
458,458,08/07/2022,42,indomie Ayam Bawang,mie-kuah,makanan,1,9000,QRIS-OTHERS,Delivery,9000
459,459,29/01/2022,79,Indomie Rasa Soto Padang,mie-kuah,makanan,2,10000,QRIS-OTHERS,Dine-In,20000
460,460,09/05/2022,32,indomie Kari Ayam,mie-kuah,makanan,1,9000,QRIS-OTHERS,Dine-In,9000
461,461,08/04/2022,37,Indomie Ayam Spesial,mie-kuah,makanan,2,9000,QRIS-OVO,Delivery,18000
462,462,29/08/2022,42,Indomie Rasa Sop Buntut,mie-kuah,makanan,2,10000,QRIS-GOPAY,Dine-In,20000
463,463,01/05/2022,6,Indomie Ayam Spesial,mie-kuah,makanan,1,9000,QRIS-OVO,Delivery,9000
464,464,19/02/2022,16,Indomie Rasa Sop Buntut,mie-kuah,makanan,2,10000,QRIS-GOPAY,Dine-In,20000
465,465,16/05/2022,53,Indomie Rasa Soto Lamongan,mie-kuah,makanan,1,10000,CASH,Delivery,10000
466,466,21/05/2022,16,Indomie Rasa Soto Banjar Limau Kuit,mie-kuah,makanan,1,10000,QRIS-SHOPEEPAY,Delivery,10000
467,467,04/03/2022,9,Indomie Rasa Soto Betawi,mie-kuah,makanan,2,10000,QRIS-GOPAY,Delivery,20000
468,468,18/02/2022,27,Indomie Goreng Pedas,mie-goreng,makanan,2,9000,CASH,Delivery,18000
469,469,06/06/2022,40,Indomie Rasa Soto Padang,mie-kuah,makanan,2,10000,QRIS-GOPAY,Dine-In,20000
470,470,16/03/2022,54,Indomie Rasa Empal Gentong,mie-kuah,makanan,2,10000,QRIS-OTHERS,Dine-In,20000
471,471,22/02/2022,32,indomie Kari Ayam,mie-kuah,makanan,1,9000,QRIS-OVO,Delivery,9000
472,472,13/06/2022,10,Indomie Soto Mie,mie-kuah,makanan,2,9000,QRIS-OTHERS,Delivery,18000
473,473,21/08/2022,23,Indomie Rasa Soto Banjar Limau Kuit,mie-kuah,makanan,2,10000,QRIS-OTHERS,Dine-In,20000
474,474,04/06/2022,11,Indomie Rasa Soto Padang,mie-kuah,makanan,3,10000,QRIS-OVO,Delivery,30000
475,475,08/08/2022,82,Indomie Goreng Spesial,mie-goreng,makanan,3,9000,CASH,Dine-In,27000
476,476,09/02/2022,70,Indomie Goreng Pedas,mie-goreng,makanan,3,9000,QRIS-DANA,Delivery,27000
477,477,21/07/2022,84,Indomie Rasa Empal Gentong,mie-kuah,makanan,2,10000,QRIS-DANA,Delivery,20000
478,478,27/06/2022,57,Indomie Rasa Soto Betawi,mie-kuah,makanan,2,10000,QRIS-DANA,Delivery,20000
479,479,07/05/2022,96,indomie Ayam Bawang,mie-kuah,makanan,1,9000,QRIS-OTHERS,Delivery,9000
480,480,14/07/2022,63,Indomie Rasa Empal Gentong,mie-kuah,makanan,3,10000,QRIS-SHOPEEPAY,Dine-In,30000
481,481,20/06/2022,35,Indomie Goreng Spesial,mie-goreng,makanan,3,9000,QRIS-SHOPEEPAY,Delivery,27000
482,482,08/02/2022,67,indomie Kari Ayam,mie-kuah,makanan,1,9000,QRIS-GOPAY,Delivery,9000
483,483,25/07/2022,79,Indomie Goreng Sambal Matah,mie-goreng,makanan,3,9000,QRIS-GOPAY,Delivery,27000
484,484,07/04/2022,46,Indomie Ayam Spesial,mie-kuah,makanan,2,9000,QRIS-DANA,Delivery,18000
485,485,16/08/2022,5,Indomie Goreng Aceh,mie-goreng,makanan,2,9000,QRIS-OVO,Delivery,18000
486,486,30/07/2022,57,Indomie Rasa Empal Gentong,mie-kuah,makanan,3,10000,QRIS-GOPAY,Delivery,30000
487,487,26/01/2022,53,Indomie Goreng Cabe Ijo,mie-goreng,makanan,2,9000,QRIS-OTHERS,Dine-In,18000
488,488,01/06/2022,16,Indomie Rasa Soto Padang,mie-kuah,makanan,2,10000,QRIS-OVO,Delivery,20000
489,489,13/06/2022,59,Indomie Rasa Soto Betawi,mie-kuah,makanan,2,10000,QRIS-DANA,Dine-In,20000
490,490,04/07/2022,55,Indomie Baso Sapi,mie-kuah,makanan,2,9000,QRIS-SHOPEEPAY,Dine-In,18000
491,491,14/05/2022,58,indomie Ayam Bawang,mie-kuah,makanan,3,9000,QRIS-OVO,Dine-In,27000
492,492,22/06/2022,59,Indomie Rasa Soto Lamongan,mie-kuah,makanan,2,10000,CASH,Delivery,20000
493,493,15/07/2022,96,Indomie Goreng Spesial,mie-goreng,makanan,3,9000,QRIS-OVO,Delivery,27000
494,494,01/08/2022,69,Indomie Rasa Soto Banjar Limau Kuit,mie-kuah,makanan,3,10000,QRIS-GOPAY,Delivery,30000
495,495,17/05/2022,11,Indomie Baso Sapi,mie-kuah,makanan,1,9000,CASH,Delivery,9000
496,496,06/06/2022,55,Indomie Goreng Spesial,mie-goreng,makanan,1,9000,QRIS-GOPAY,Delivery,9000
497,497,14/07/2022,25,Indomie Goreng Rendang,mie-goreng,makanan,2,9000,QRIS-GOPAY,Delivery,18000
498,498,22/08/2022,39,Indomie Goreng Pedas,mie-goreng,makanan,2,9000,QRIS-DANA,Delivery,18000
499,499,21/06/2022,79,Indomie Soto Mie,mie-kuah,makanan,1,9000,QRIS-OVO,Dine-In,9000
